accel_mag_mean,accel_mag_max,accel_mag_std,jerk_mean,jerk_max,jerk_x_max,jerk_y_max,jerk_z_max,gyro_mag_mean,gyro_mag_max,zero_crossing_rate,fft_energy,fft_energy_low,fft_energy_mid,fft_energy_high,sma,tilt_angle,entropy,accel_skew,accel_kurtosis,accel_max_mean_ratio,ActivityLabel,source,subject
0.9431593922063557,0.9543834301810918,0.004550130285969303,-0.0013086090619102546,0.5394216914888839,0.49780594784112236,0.5739521959976734,0.904542261204791,4.12462680211475,14.653640875982507,0.32,0.002029795449032106,0.04363326379813325,0.02396680624818492,0.03591949785431922,1.169729129805935,13.256485081720616,-2530.929261496048,0.16482467341219043,0.40346986240227123,1.0119004570685288,0,SisFall,SA08
0.9443676560142794,0.9795092263420702,0.006698257073418671,0.0040665493368700865,1.2248099356877429,1.252264581665198,1.1551221843061676,1.5868076240824784,6.264683196846461,37.57606112451035,0.36,0.004398691638757279,0.053826723400823076,0.07553354465029564,0.09497300552550254,1.1718473609592763,13.658269722925061,-1215.479145273666,2.5788255477323596,10.591070494766399,1.0372117360562612,0,SisFall,SA08
0.9515414011204163,1.0527743673228465,0.024024510602708375,0.008899591160319164,2.511831664987879,4.381903120393332,2.183644961988962,2.7934477187145466,28.936554428455512,59.174758773507385,0.17,0.056586281063509436,1.5793045068395508,0.9817814276643669,0.32481439973506376,1.3276772789044862,14.294939036555697,-241.42748136217634,1.292254109320075,3.816386855843671,1.1063883873253932,0,SisFall,SA08
0.9717387984855034,1.0527743673228465,0.03192579226693936,0.02577467358734647,2.511831664987879,4.381903120393332,2.8971463372289015,3.0602150312476306,36.900117473796946,59.174758773507385,0.19,0.09993086169084218,3.08503713404427,1.272241481619296,0.7391953305693856,1.3716429683879603,8.57567265402557,-197.09742740755024,0.07935003617496049,-0.10981793817738073,1.0833923253138777,0,SisFall,SA08
0.9869032058748103,1.0371708067785006,0.020100695317234553,0.0200710063171818,2.3143042003889334,2.398108771387225,2.936101561220602,3.0602150312476306,19.970818862666626,39.441108794976984,0.27,0.03961513440750593,0.7800587299976859,0.5973122415332708,0.6430008832518457,1.3049902989397517,9.532186404072972,-402.4856041155991,0.2311083779031108,-0.24683822013163903,1.05093467129817,0,SisFall,SA08
0.9923265526695295,1.0203155998482238,0.012427737330811654,0.008934949955156804,1.1978891247437229,1.586213165635969,2.936101561220602,2.7454482879077866,9.524887784317933,27.954323156303037,0.25,0.015143658636121821,0.20194196770921274,0.23425490407907648,0.33612971865392377,1.3270606890952135,15.940124338057727,-742.1968734511095,-0.551338505564149,-0.04836979438555167,1.028205470085774,0,SisFall,SA08
0.9969184802638105,1.0160516461645919,0.00659587406399505,-0.005134351615102147,1.1748040182622987,1.516578884067471,0.9506222080833605,0.7405006065665881,3.76987858769071,11.535263559397972,0.25,0.0042654373601972275,0.03074885608620424,0.14108114858699813,0.045707300696856266,1.3268058079408087,17.341772828223487,-1093.6231549879838,-1.7740431435660233,8.260359163879532,1.019192297151313,0,SisFall,SA08
0.9940496152275107,1.0490139322893723,0.011474774978066603,-0.010535811570461125,1.1623419411048386,2.1472151585786747,5.616670225800468,2.0534443219409253,6.795641142236089,52.87919063614902,0.17,0.012910190461521892,0.19189377596780913,0.3253913035812074,0.14113463398860004,1.3504303194523624,19.02278128266964,-559.4425839832585,0.9139420905865794,5.188475401836939,1.0552933230564638,0,SisFall,SA08
0.9908679137291752,1.0490139322893723,0.017820649173085373,-0.011379469049851855,1.715757422518499,2.1472151585786747,5.616670225800468,2.5793928039773566,17.748173083311762,52.87919063614902,0.23,0.03113678963039041,0.6166339398973516,0.5913040108654942,0.3800383203870653,1.3562266848081805,15.990385455378457,-394.2415431710542,0.37218329899515695,0.7872390750370082,1.0586818961112012,0,SisFall,SA08
0.974525155246849,1.0407349839677809,0.02496458580344289,-0.013889281905988404,2.1949199781234885,2.1473538393699085,2.6543412079446713,2.5793928039773566,31.077299832281437,48.50798399987855,0.11,0.0611018921984164,1.8688686378548334,0.5803527241155361,0.6669751401488674,1.4095557817521478,11.380288238433788,-258.60006557656266,0.008725868932314142,-0.20875681241824262,1.0679405941294093,0,SisFall,SA08
0.9521538505385717,0.9987937481971256,0.017623382981461606,-0.01045250406269531,2.1949199781234885,2.1473538393699085,2.338364734107284,1.8218616248909927,32.02393532730154,48.50798399987855,0.25,0.030450065321165117,0.6258042191509293,0.3758473524782823,0.5513017597502092,1.3737578179627261,12.082546373012724,-447.89279487717835,0.11126678221576647,-0.6354679635160414,1.0489835619971888,0,SisFall,SA08
0.9293662675669608,1.733855854082684,0.2507282106718819,0.007058769226578938,30.78163745042331,8.998999718558611,30.379831160052984,16.726163795408766,26.647414190486288,72.96390677049527,0.12,6.163295995038424,166.40804235907714,132.6794585489948,15.24059483888768,1.2532155888229684,19.144632195824585,-3.9680972386962434,-0.14194222332898263,3.974655422354762,1.8656324163405635,1,SisFall,SA08
1.0073140878360325,2.533647746105635,0.6020277776555335,-0.2629492742660644,42.341477631948145,31.06794279482224,42.22470084889709,25.074105376852305,39.29799312642161,80.74709020347021,0.1,35.535319989444275,786.1557628335923,905.0249458669961,121.12061076106964,1.364296015093164,10.12249854396125,3.700136823298826,0.38385230542219456,-0.5822353311808843,2.515250954541941,1,SisFall,SA08
1.0979840133214054,2.747771843767227,0.7938201844674658,-0.03079608691995163,51.73641736668084,47.574117336070806,55.64410220513193,40.23328636712438,43.643441320685476,98.7782765444342,0.1,61.77987536610237,1790.0072908138184,1058.9454619234284,301.8208909339739,1.4596907999234747,1.933447998954389,3.8266922066117575,0.21085779782564198,-1.2497634882748612,2.5025608619105477,1,SisFall,SA08
1.0283951844942156,2.747771843767227,0.7759043958621858,1.0475072937970893,51.73641736668084,47.574117336070806,55.64410220513193,40.23328636712438,42.53824176795492,98.7782765444342,0.11,59.024789808045774,1498.1312231856089,1188.3321199141421,323.8009371105839,1.3566895643243335,-2.4713390062206395,3.875114596782735,0.3635304976422546,-1.1224085869299416,2.6719026483964012,1,SisFall,SA08
0.9593591115841342,2.3215889915707426,0.7126863784815765,-0.4201306808219982,44.999441969215674,21.182676653396967,45.351048253079924,19.248816151152305,39.26306015503958,91.54494315543411,0.11,49.79841412315347,1257.5340375698484,1102.4632548652378,179.72182784574116,1.2656434172682993,-1.8678819863054157,3.910777630467681,0.2887813729803341,-1.2919721216736098,2.4199373720836017,1,SisFall,SA08
1.0306433237212156,2.373672377831746,0.7094740142543949,-0.7779605564959493,43.257146219092355,21.98211163559488,43.65372667455771,24.39516622274869,39.823576899460534,85.96439360689294,0.11,49.35327548103711,947.6785364052599,1357.8274375642002,211.51107556343197,1.3625903993945117,1.7534729696476747,4.235693301982,0.12747921966562503,-1.3115849086620277,2.303097783848679,1,SisFall,SA08
1.0739598210618844,2.6257113151313276,0.7248853139070814,0.52483622847942,50.9296433207988,24.348060163606615,57.8688866944218,40.119313261416,44.04095137694955,94.91172038161196,0.11,51.518235494576686,1201.5765745332328,1200.379214265043,225.474221425135,1.4166808505867934,-2.52024149034429,4.071158599866053,0.14821698832479357,-1.2607450324337157,2.4448878246546144,1,SisFall,SA08
1.0044104169372476,2.6257113151313276,0.7288631849903511,0.7324535795791486,50.9296433207988,24.348060163606615,57.8688866944218,40.119313261416,52.85496244447875,113.35442227058023,0.11,52.082890678349656,830.2587663273056,1559.89940429003,266.0692539784971,1.3024153203889686,-5.40394665647394,4.187086203372038,0.3466486299849301,-1.1542196827992734,2.614181657928342,1,SisFall,SA08
0.9641988759536955,2.9024101891455185,0.7409047070299681,-0.47826415996470184,53.391189573534135,36.907076827986515,53.41271188248976,27.642377443456233,54.0243253152434,119.4622289333099,0.11,53.82350229585991,1200.557314294209,1271.9018262145078,272.5394765801386,1.2522104213448313,-1.5110708022427064,3.760048888159245,0.5143977065584427,-0.8811249415841185,3.0101779118679706,1,SisFall,SA08
1.02817120379382,2.9024101891455185,0.7665037714349583,-0.5804130663879947,62.23063246055622,36.907076827986515,65.3685385664409,26.564378121075602,50.61248953770205,119.4622289333099,0.11,57.601363468442436,1000.1378564791903,1617.1469221469529,320.38475826442107,1.32819018614466,2.362295805492353,3.7922718324493614,0.48705016087269115,-0.8006547788080383,2.8228860623669836,1,SisFall,SA08
1.0548388746649489,2.73383650527311,0.7848798097561153,0.5508079149226777,62.23063246055622,40.78995461208668,65.3685385664409,36.01179265191152,49.59762758690184,117.37915711632894,0.11,60.408076764317755,1686.9976375981905,1029.0217637122942,364.79251366972056,1.349257662212551,3.5524607191470796,4.1085724245824,0.39376144330372564,-0.9886039628617014,2.591710018484449,1,SisFall,SA08
0.9762083086960084,2.5939745620777037,0.7455470327114954,0.9470709053364841,56.63447276993967,40.78995461208668,56.23561902974462,36.01179265191152,44.07254862643131,117.37915711632894,0.11,54.50324342528249,937.1338633482796,1527.659549109901,314.8720022312254,1.2632306666506523,2.4172653952100123,4.011212631268752,0.44061688267437454,-1.0009943214521893,2.6571936669651226,1,SisFall,SA08
0.9660161401936931,2.4742587732424157,0.6260506840912305,-0.7666110475766846,43.04443338713575,27.418570788124974,41.1995531340448,25.72227345110901,40.795601788751945,93.29114458510465,0.11,38.44117681864137,1091.5616474793385,722.1950228081474,146.7433474632237,1.241217930857615,6.769865931159577,4.066988642097819,0.33717259254948323,-0.986668467458101,2.5613016643110047,1,SisFall,SA08
1.0219958318001112,2.1945339713003444,0.611385701892238,-0.6925489765023813,46.00172156874751,27.418570788124974,46.55240740032491,24.06631674335078,42.16808799377422,83.99796483780143,0.11,36.658346880002775,1012.2189279731131,731.9122752387523,125.44448766827645,1.3269192487701187,7.210870533299592,4.730788720224888,0.020317970541786367,-1.2958706829871094,2.147302250696991,1,SisFall,SA08
1.0248712639142818,2.1801046600174154,0.6308070223211117,0.6045561490859004,46.00172156874751,19.689249949254243,46.55240740032491,24.06631674335078,48.04896155964454,100.69254896882086,0.11,39.0156698637741,230.73201040078035,1621.7588124112247,137.30834024047437,1.34458160484124,3.395347746099384,3.6925302952911387,-0.10025526133206646,-1.522642772233236,2.1271985228846946,1,SisFall,SA08
0.9750592378249259,1.9744197784678552,0.5803943903974249,0.39639215801835614,36.69613191112033,20.676195277009647,39.72787904664707,23.017528298042457,52.13796693094492,104.23835748696312,0.11,33.025510254746685,454.9391841835545,1117.5019204528,111.85991835572666,1.2865378314546851,6.609255545031968,4.02661727115641,-0.09326724547261347,-1.4325264066772547,2.0249228781453152,1,SisFall,SA08
0.9630801194603176,1.9306078168052918,0.5435031651654613,-0.29914011002061425,35.96360026284118,20.676195277009647,39.72787904664707,23.017528298042457,51.05033945924873,104.23835748696312,0.11,28.96076008111885,683.5511114776407,673.1133053656511,120.33434729376967,1.2664406093643144,7.683470214850732,3.9056175219235687,-0.15748608410813225,-1.3878024048334836,2.004618055911037,1,SisFall,SA08
1.0349569262653977,2.491964761902094,0.5968144363279286,-0.5434275099265224,45.210412560389024,37.597730686699286,50.888885964436604,28.977819155686568,59.77065697810528,144.7346244174118,0.13,34.920575266063686,377.2802227646803,1239.9710282485148,163.6980875560526,1.3601743231643022,5.329513656003228,3.915251181903102,0.047517286423225835,-1.225749082119523,2.4077956044183377,1,SisFall,SA08
1.0941960482198982,2.566383180290592,0.665399775763765,-0.029648020942645816,52.22491322116994,37.597730686699286,51.33779389567859,34.58612950819146,71.9402216313112,144.7346244174118,0.1,43.40834269364804,1081.703034750461,855.7922438304361,276.33019879515297,1.4707679514670622,3.183911250956468,4.24310936043094,0.1921556562203355,-1.0863922478308434,2.345450946392307,1,SisFall,SA08
1.0513074749996518,2.566383180290592,0.6786676040376772,0.5519978056833863,52.22491322116994,33.3497525545763,51.33779389567859,36.64671547701668,71.0983876263535,133.35522631734653,0.11,45.15716213801153,698.9380425156016,1341.3235265143862,262.7537000086001,1.4025434871368656,2.0813359921695826,4.540434659375833,0.2851399132676,-1.0673639868107705,2.4411346983717537,1,SisFall,SA08
0.9911211933790459,2.4212238992351174,0.661226620736277,0.08609312731829608,44.85211196839401,31.512692259575303,50.82845819691237,37.57890488112978,62.71683816218522,128.60166647581093,0.12,42.86491407760592,821.7664538742032,1119.7182867651004,244.62587731859807,1.3255280652850159,-0.17973831553048358,4.344574449434445,0.3297658581186967,-1.0251685262585448,2.4429140361243395,1,SisFall,SA08
1.0495109402859866,2.4212238992351174,0.6702611757731013,-0.536913715459006,43.565368417894035,31.512692259575303,46.36685402922899,37.57890488112978,64.56850313660179,128.60166647581093,0.11,44.04659211212314,934.4744205122696,1024.8274337474963,287.0743434585139,1.4292420523220613,0.4872787083236776,4.799338073846899,0.2482845883630002,-1.1500392513253845,2.307002036115341,1,SisFall,SA08
1.1208689905518323,2.364546644613813,0.6648058442040374,-0.5563354129691761,46.46000915728858,28.545710283821613,55.3294886907172,35.43123090391548,64.38797120125886,128.88956689461318,0.13,43.330353311195665,1171.9092831885764,670.9068259473552,367.0319097350479,1.5068900267770902,0.5182152619521638,4.791868395263568,0.12199281095754945,-1.3591544270710172,2.1095655633706407,1,SisFall,SA08
1.053232906010886,2.441909577994366,0.6737586345423716,0.5767010960003851,48.83870412497456,28.644170551184764,58.489075736207475,40.03456957804347,57.907526799642035,128.88956689461318,0.11,44.509490511741035,595.3989883586762,1364.886072281938,309.69895545817866,1.411166831974845,0.3954481190140315,4.6863975882309825,0.2602540540261425,-1.2695795974339228,2.3184896150445864,1,SisFall,SA08
0.9807494444667069,2.5111124309576276,0.6893259041874943,0.059555916804820336,48.83870412497456,40.528191321518605,58.489075736207475,40.60469365758153,56.96389018323114,116.68339613986545,0.1,46.58611072956605,1254.4667967781206,876.9167831430284,244.50806728671944,1.3312879640346629,0.8563950668827564,4.4292859476138835,0.37436146802276105,-1.1216141410314104,2.5604015577281887,1,SisFall,SA08
1.0472960851768118,2.5111124309576276,0.6672210152758007,-0.6546882305451247,48.66044385495211,40.528191321518605,51.826934163942326,40.60469365758153,58.74448450280404,113.76179841717664,0.11,43.647880041000754,1069.712717328631,873.4769779308491,282.8521868315585,1.4140683460054644,2.543905775802541,4.657454218519212,0.21243733301904577,-1.1386155742013526,2.3977101055969126,1,SisFall,SA08
1.0694013135170817,2.434089424623267,0.6469272371427981,0.18733445354079548,49.94377550337606,36.014610596626305,47.570858595067065,42.98383341525357,57.44535196487927,108.83296263840924,0.12,41.033152917900296,1492.4417336619479,288.24308874969523,312.0059764012723,1.4425913003871806,3.622236178226247,4.576717402489712,0.09000325920934657,-1.2164328241785358,2.2761234450486323,1,SisFall,SA08
0.9885230935959887,2.4665655651920475,0.637548273203746,0.2599382265450998,51.13885748465536,36.014610596626305,54.485548820909514,42.98383341525357,58.50278939290988,116.82159963554722,0.1,39.85101017921089,1302.0760805633545,405.2583329084639,325.0671056679372,1.3419180472977188,4.010267347038797,4.385986249656842,0.27061598882584004,-1.1033962864942204,2.4952027486452533,1,SisFall,SA08
1.0384854486953106,2.4665655651920475,0.6156351977555419,-0.5768269955237005,51.13885748465536,30.50469769576921,54.485548820909514,40.04754357002115,66.72946245178265,135.3774994972671,0.11,37.15876751621123,1075.7437918262738,534.2198922958754,285.1334592046229,1.3984605109829378,4.819964950947354,4.47256186015922,0.19985114027472103,-1.010689558130205,2.3751565749325843,1,SisFall,SA08
1.0628189438309854,2.3141151176774,0.6074088009221417,0.12337131095184461,47.73135415782289,30.50469769576921,49.810461413739496,40.04754357002115,63.6318742201338,135.3774994972671,0.12,36.17631995303123,1336.8786178644486,298.7960052223087,209.31769451783524,1.3926328404592518,-0.09085510242804185,4.40174794577828,-0.02595845998172445,-1.1524087014507771,2.1773370801640803,1,SisFall,SA08
0.9950688079265327,2.168203761906024,0.6267280787531192,0.03088142650317944,42.40359818064239,31.07207898745795,47.45936744283103,31.10213449941881,56.32185204929254,131.00209208459657,0.12,38.51082054077344,1345.422806066225,416.5086602971799,202.12038121604064,1.298861445165739,-2.750205065327182,4.499130391915349,0.10780397320447277,-1.3544678208173098,2.178948553954291,1,SisFall,SA08
1.043585400582785,2.3724763817073873,0.6503578465657168,-0.7543966645392739,43.112110082027456,32.36963613113549,47.45936744283103,44.65444262196186,60.230332577441125,128.83584117172515,0.11,41.472253877787985,877.3937005001304,1005.772543731029,231.91870353602778,1.3957190473433585,0.8555368561502138,4.711192834682657,0.1054985499636184,-1.3358904759000714,2.273389755786726,1,SisFall,SA08
1.08500679883346,2.3724763817073873,0.6349344497198401,-0.0957029483660577,43.112110082027456,32.36963613113549,44.02239822019243,44.65444262196186,60.85771809390726,128.83584117172515,0.1,39.524143886178706,1094.0983499923761,725.286059284919,196.34692891781884,1.4502034835154476,3.5654652865589096,4.334514578260223,-0.07397053086645138,-1.2958767065904617,2.186600454847048,1,SisFall,SA08
1.0254241011384944,2.0924322996873075,0.6134535883589032,0.745922210993001,35.81805399115987,26.017223815892592,40.66468015945952,42.59524073932018,54.39145081987961,113.00261624589595,0.11,36.89897324453632,663.4261373132707,1096.841512076732,121.57998608134974,1.3554149731706338,3.198621658980665,4.132079574766501,-0.0734727870737464,-1.5075070516673883,2.0405530521065565,1,SisFall,SA08
0.974332545612794,2.1952600520957595,0.5861639604772516,0.27579311359040093,39.75841402587801,24.11196510010385,43.783617338289105,24.992801635333958,49.40120420180935,94.29235449679145,0.11,33.69049067307372,696.0051641014413,897.2801164808097,124.92974374450833,1.2826190471335008,2.170306586691777,3.8809761764214796,0.0870351120253018,-1.424149318782293,2.25309114372667,1,SisFall,SA08
1.0130330992840832,2.1952600520957595,0.5652384549224487,-0.35891707954597846,39.75841402587801,24.11196510010385,43.96257079564364,27.08481158303523,51.81816136159623,104.87191554751243,0.11,31.32310922402463,753.6213143537811,671.9357741858664,171.9214818856084,1.3476479068801976,5.004079099834433,4.454138746010876,-0.029851368903538334,-1.234548579711358,2.167017081650138,1,SisFall,SA08
1.0632229318955735,2.072601789355996,0.5265239025845073,-0.3431306269419744,37.02508221884861,22.909568456707373,43.96257079564364,27.08481158303523,52.25929094774534,104.87191554751243,0.1,27.17928781884975,749.2262624902243,438.99622763675757,197.92118863435545,1.392464072686057,5.732368044603579,4.137627779596095,-0.2252104525035373,-1.1983903620332539,1.9493576630888394,1,SisFall,SA08
1.0120486928242018,2.0066457850086667,0.5241818058480268,0.5145831541908794,40.968772679067115,22.319384361000704,42.7832370371075,37.87408593330333,51.67193608983403,116.49510732990846,0.11,26.938352870780175,448.25356040048445,720.1618187566156,205.44061725268895,1.32977361993039,3.6926789993672453,4.010111751703005,-0.10030820009706445,-1.2438692597937815,1.9827561454394076,1,SisFall,SA08
0.9799977792943904,2.1442421657419746,0.56691478656072,-0.38705051161827975,46.68054347085686,22.319384361000704,43.144520483060255,37.87408593330333,53.96430271900596,117.00678173791387,0.12,31.518643451373794,855.8114281385359,500.12128256333625,251.51810531819186,1.3202543035697003,7.029240923333007,4.616440230245752,0.05586021914165537,-1.1797903260114522,2.1880071456955563,1,SisFall,SA08
1.039581689657238,2.1442421657419746,0.5616306393536513,-0.4359363538971545,46.68054347085686,26.089219959133285,43.144520483060255,32.07893224144592,53.38096488595366,117.00678173791387,0.13,30.934148681866418,885.5906446584269,438.1613139381495,253.88962417861137,1.3905506142888207,7.501228923917012,4.6450308538905425,-0.11866747382291126,-1.1588698600631018,2.062600915780795,1,SisFall,SA08
1.0330238521310813,2.8521706998301606,0.5684905841222976,0.541181084302344,62.489682536516675,26.089219959133285,67.39355220218211,51.35896764326917,57.20712054885695,117.32290608663641,0.15,31.686025209999958,721.7355267105978,587.0615903388298,307.1901686605702,1.3750339105479301,6.556693558109423,3.774963745737431,0.3501776812851963,-0.2643953897916229,2.7609920780980435,1,SisFall,SA08
0.9789935633372187,2.8521706998301606,0.6127714090377284,0.14743006894014954,62.489682536516675,39.6561832308788,67.39355220218211,51.35896764326917,63.46180335601762,164.68040169002126,0.15,36.813923264378346,806.5265701952183,772.8979452801785,298.0855710078989,1.3253507967047637,5.629375799312045,3.992502369502492,0.6472754627531845,-0.07403321637894011,2.9133701972195865,1,SisFall,SA08
1.0205746066065617,2.490789846259029,0.605075858069891,-0.8023319344813746,46.099711426181734,39.6561832308788,53.588605659757704,46.64659723000787,68.06422995005214,164.68040169002126,0.11,35.899589856640006,673.691810714577,870.0429439791803,287.1443279948829,1.378124979119533,6.039586872871139,4.425587317679144,0.23943672415853057,-0.8700283218433986,2.440575932155723,1,SisFall,SA08
1.053070710469553,2.1767148387562427,0.5710305958460071,-0.25427089757577603,39.957703186413305,21.766543351353832,43.116378276149526,37.50105452237201,63.850221040850926,137.19970083175218,0.1,31.96854617988038,705.5523065111297,653.6897902763845,271.15375838638516,1.387508609661015,7.537590700623059,4.430842393304281,-0.00594656092224007,-1.0758981162916628,2.0670167695723882,1,SisFall,SA08
1.0009768169504185,2.1767148387562427,0.5338290965462085,0.8542464277650873,36.934568990420246,33.29554191036442,40.405382652099846,44.53515528688885,61.82985667693573,152.8841430858315,0.11,27.94712612643333,697.602433034959,337.0743141576461,390.62668525549464,1.3306802190846767,8.131792198569828,4.4860290469562605,0.15600738190203603,-0.9920689780946095,2.1745906400129504,1,SisFall,SA08
1.0190243371183783,2.2830157289070345,0.5256843421102326,-0.2497550023766194,43.86451152901793,33.29554191036442,42.31049020940931,44.53515528688885,64.68381025272096,152.8841430858315,0.1,27.093808080473885,878.8432776305594,357.02426269138016,145.91667178222824,1.3744874369098283,9.529780566162433,4.426795615913053,0.16099535368356435,-0.9213438632085418,2.2403937014488435,1,SisFall,SA08
1.066955287959192,2.3635961760853226,0.5998904604594487,-0.2062705705277913,43.86451152901793,28.01278155387623,46.614440168038435,42.82617743337218,55.5848964024315,110.04091296170174,0.12,35.281331847769835,849.43836124704,716.269921272561,233.63964171666035,1.4355038635524782,5.009839273002998,4.677842595296242,0.0789870045436606,-1.0039260759022641,2.2152719805658845,1,SisFall,SA08
1.0125738373494297,2.4446406271272574,0.6418230757039896,1.0812496172880777,40.009940074946556,27.271886185724185,48.68850395859019,42.82617743337218,48.12590202006932,97.69884899652469,0.11,40.4084204488835,850.548997925192,935.3573317335527,274.92311323431403,1.341900627556077,3.1011644971266823,4.375458677187671,0.21846586349389704,-1.1434346197263143,2.4142837912775312,1,SisFall,SA08
0.9742702182128693,2.5472490900471003,0.6463440501598553,-0.4018660001788874,47.20478185731641,30.6092112461322,57.936707479076176,40.11487098540355,54.589283738636475,133.9633254524329,0.11,40.95692472874725,929.7541040760793,919.152463714101,239.8965933759294,1.2778092964508962,4.209160019441694,4.348723051292701,0.3015793225223955,-1.0550537910712539,2.614520095435523,1,SisFall,SA08
1.041175665310344,2.5472490900471003,0.6500541629172706,-0.7777742352603995,47.20478185731641,30.6092112461322,57.936707479076176,40.11487098540355,62.761052589562816,133.9633254524329,0.11,41.43668884849769,646.4718921406671,1200.0874817247723,266.7117574079433,1.3904336309413157,2.6848033443691395,4.537927819302678,0.17055760544595971,-1.1964304439942335,2.446512294179213,1,SisFall,SA08
1.096330482205734,2.648453583602005,0.6768006591588253,0.5355145860636676,45.35823221107058,39.42035228095661,55.92010740317883,49.84554118414265,63.036851395945106,157.02787170566245,0.11,44.91187340031257,1145.9694070122282,839.1015954525886,305.43454095112435,1.4991411127096455,1.3950541631763702,4.306585675874283,0.1515891002206159,-1.2031231811271732,2.4157437948054485,1,SisFall,SA08
1.0313486066235427,2.648453583602005,0.6784853509036991,0.30187674511039325,53.78630497085277,41.2027986246861,56.3559905757235,49.84554118414265,66.53520786029327,157.02787170566245,0.1,45.131909093218546,1469.6956859149893,475.68121200347485,356.35046583568084,1.4362803254329697,0.708571350936164,4.382429117067718,0.4717876699305949,-0.8028132183801744,2.5679518456839405,1,SisFall,SA08
1.0441132284337327,2.59332371425444,0.6455762725119013,-0.6302532605521511,53.78630497085277,41.2027986246861,56.3559905757235,33.36718866158886,70.46558071917256,155.21965512080038,0.11,40.871802107547644,1002.1731680076603,713.2481776846565,369.0405617926131,1.4219969312624634,2.6665736097911372,4.51134333890971,0.41712025020789634,-0.8775854864547141,2.4837571431856067,1,SisFall,SA08
1.0846109218604418,2.426294632094797,0.6557199567590144,-0.20024629470169558,56.37503268731279,38.671954196973395,58.37323785545981,34.09299463916745,67.11656568831805,131.43711337289346,0.12,42.15415758457821,1182.7460122122786,595.3751403136787,371.74088428753043,1.443719473919626,2.6026285094051476,4.443172273785379,0.165446495284052,-1.1579078360006918,2.2370184190684435,1,SisFall,SA08
1.0083307036824751,2.426294632094797,0.6308296943603655,1.0659616158531606,56.37503268731279,33.40642784938285,58.37323785545981,34.09299463916745,66.28384548917813,131.43711337289346,0.11,39.03356154218634,939.4399294808484,657.237752509035,394.03395666162015,1.3464496031077644,1.0126920235873447,4.537889571563537,0.3262552416127669,-1.026562755064498,2.4062488617785385,1,SisFall,SA08
1.018697744901837,2.854776063551049,0.638409560821587,-0.47544183323465117,61.50237720824237,36.08235727180241,63.83400608679847,53.56448520760703,65.19974794011196,179.88097616426052,0.13,39.967620888471345,1142.2616990073218,523.4318705568395,372.65509574787666,1.3741904314520073,4.612078362095741,4.029709801678602,0.3704753185997567,-0.8408248339373618,2.8023778886468036,1,SisFall,SA08
1.0642643840264527,2.854776063551049,0.6765244452496313,-0.5386537053108391,61.951653272653616,36.08235727180241,63.83400608679847,53.56448520760703,61.15443855869712,179.88097616426052,0.13,44.88688934107156,1032.9250779539507,789.8800841150229,466.4261943256765,1.4244503046770556,4.440382315313892,4.348970044592636,0.344123461278376,-0.6848027357897073,2.6823936604235326,1,SisFall,SA08
1.0134277512064478,2.721158759299706,0.6623109104442311,0.716663358422355,61.951653272653616,34.33615749614527,63.3336642753721,35.87859743099844,56.77303454160233,131.06956460835644,0.11,43.01706390967728,726.1136610945589,1191.0976624614877,276.65893583749477,1.3350814421328578,1.280208304183887,4.29151836686903,0.3167950643521593,-0.8670091679601293,2.685103826305556,1,SisFall,SA08
0.9829332598589678,2.5356104636785752,0.6551814126340277,0.1374886673496395,55.113126607078854,35.82935712508699,60.54078645008335,43.76437928855085,59.96732914550617,143.35212083204942,0.11,42.08697925299872,999.7851546284246,905.0389620571545,241.6118252173557,1.318765263375533,1.3436493339107245,4.3754213920965315,0.32339467807713757,-1.0925475262422706,2.579636422360988,1,SisFall,SA08
1.0308820071512734,2.5356104636785752,0.6611703960780364,-0.8499073223780916,55.113126607078854,35.82935712508699,60.54078645008335,43.76437928855085,67.8888618528718,143.35212083204942,0.11,42.86317839302953,581.5735503707551,1294.1793185807035,310.269229093048,1.4013196488061792,3.2978569462876415,4.557936166214228,0.2764444673366172,-1.106981030028771,2.4596514649517798,1,SisFall,SA08
1.0846617931362679,2.547850655630695,0.6634343406685042,-0.5679451486192542,52.95277020098048,35.83584541250583,65.19493017622733,41.44329405778577,69.69458716170826,141.20628766712954,0.11,43.15279392919589,777.1417059179544,1064.922111760299,358.7286727107371,1.4682525248434128,2.3172840386964784,4.635083333174645,0.23231967650053958,-1.0602773932445426,2.348981634887169,1,SisFall,SA08
1.0838446916760034,2.547850655630695,0.6927490468531827,0.6056212729867294,52.95277020098048,35.83584541250583,65.19493017622733,41.026920825384174,66.27795651310264,141.20628766712954,0.11,47.05107269517226,475.943538205728,1628.2780192571925,295.3831499908642,1.4593946225740237,-1.4968088574641352,4.559317169297258,0.25979553203764955,-1.1323504718277726,2.3507525125055517,1,SisFall,SA08
1.0157185674523341,2.5262034632454267,0.7177584195239333,0.6762327643571534,49.63585620871839,30.893438156080627,52.39076066320042,35.5837662375008,62.53318317216628,113.32000930556252,0.11,50.51106345447093,698.9126660702401,1656.956417047344,220.19515306043334,1.3240777497613352,-2.4167123716064065,4.274222817317828,0.30092044060922557,-1.3057325301069884,2.4871096377716664,1,SisFall,SA08
0.9842632995351963,2.586806331429835,0.7207713321119372,-0.5472607750999451,49.63585620871839,25.433930684310155,54.72798538631434,42.22315513578043,65.7591202453442,112.40201633007005,0.11,50.932735681189,1249.4497135033946,1148.276329532745,199.84347670449938,1.2421839513098396,-1.7260891058434202,4.0071606095398735,0.3566307405683004,-1.253078340666039,2.628164949734249,1,SisFall,SA08
1.0493631405563446,2.6109045118164387,0.6948864889655273,-0.6514667699057013,50.906572105544164,29.519316112846937,58.99240249067063,42.22315513578043,62.64575913765706,106.86399791804953,0.11,47.346463934969165,955.6168079480703,1251.342870441177,207.7099822941802,1.3593008443605497,-1.1984320849192265,4.260893345111578,0.24609030192963427,-1.223121506499758,2.488084806896646,1,SisFall,SA08
1.0894987856532707,2.6109045118164387,0.6850481486693057,0.408531471978506,50.906572105544164,29.519316112846937,58.99240249067063,33.53414666504856,60.018595556148426,120.23615593637436,0.11,46.00916367285435,689.0364385517382,1361.6755982954,295.75531046843327,1.4411179663474518,-1.2514987145413954,4.385768596045315,0.12637578378201797,-1.299063632062345,2.3964271665403016,1,SisFall,SA08
1.0322223281786778,2.752172649701799,0.7202150343322493,0.8290421288187532,56.518348633023336,33.608207646517506,65.76303826276325,41.14070858815273,61.00910555147035,120.23615593637436,0.11,50.856972050761016,761.048122191192,1510.4163258605718,322.24112653704793,1.3663329331512768,3.3289426984729675,4.116332057088281,0.3284084531125565,-1.136266535969974,2.6662595333461945,1,SisFall,SA08
0.9758775231538424,2.752172649701799,0.7004783976512763,-0.1839839154411858,56.518348633023336,33.608207646517506,65.76303826276325,41.14070858815273,57.55828777437881,110.71203146765248,0.1,48.10546055613295,1372.7694127591128,809.4793590876576,271.1297165160102,1.318694668049123,2.896539170390948,4.002375083581663,0.44528294235995275,-0.906283603400929,2.820202900672714,1,SisFall,SA08
1.0505056739870375,2.527455094999275,0.6611776942649865,-0.5011267915802178,55.454921969304145,37.57438728577549,54.51201003560364,44.81899385898447,65.79334498653822,157.3881740952479,0.13,42.858941675425534,771.8638775127832,1118.3440475017542,295.5981004321646,1.4285824991492677,-0.23257695038301157,4.504317389249983,0.23676466278792005,-1.0615735635566999,2.4059413799711167,1,SisFall,SA08
1.1095910149532993,2.6753209612879796,0.6877812057040907,0.3080825869728738,55.454921969304145,37.57438728577549,63.901982355008236,45.89740885764788,70.78956302978104,157.3881740952479,0.13,46.37724535884295,1137.1742323914436,883.0035415563692,345.06173935317815,1.484810001963314,-0.13000796063360645,4.607403337370742,0.2186708933169435,-1.1089626263149455,2.4110874197099594,1,SisFall,SA08
1.0455030128174234,2.6994878121656956,0.7316579928854584,0.7123856438734542,59.72468276708569,38.286479101419076,63.901982355008236,45.89740885764788,64.64674759991247,142.78607216710537,0.11,52.48272594352525,719.2178361003646,1643.4511514717763,313.9500355476471,1.3962995215899159,-2.9788943076266463,4.390934776557716,0.3782843545443449,-1.0247143827925618,2.581999050458134,1,SisFall,SA08
1.0021868366080926,2.6994878121656956,0.6891531833042729,-0.4952812776723912,59.72468276708569,38.286479101419076,60.06056830006439,32.017216498539234,66.00777573896909,142.78607216710537,0.11,46.56244915183584,967.0883279130983,1103.4349505916598,304.1616282388697,1.3581863827730518,-0.13091359676587294,4.119803309469017,0.4538165908973416,-0.8634773208626543,2.6935973279854233,1,SisFall,SA08
1.047713742246073,2.6948879053592436,0.6683730745312736,-0.3351627430227039,56.621749355916094,31.413491363398936,57.94704773435606,30.769846999475757,69.12067735753016,123.85526949859916,0.11,43.79661052484911,717.3365365711022,1271.5363885058848,244.75421169031713,1.416080015157978,5.53820065761477,4.341854005063558,0.3625835327411407,-0.8538231513249759,2.5721604775941747,1,SisFall,SA08
1.0739438104066352,2.6948879053592436,0.7109452837322364,0.6761346237529262,56.621749355916094,30.349865339811675,57.94704773435606,43.76635667014733,61.073165849580455,127.32864139946956,0.11,49.560418637378575,1321.221593495042,896.6169252973714,309.7428317138945,1.4484760997337576,3.1771893316030546,4.328832073055182,0.30666736540229117,-0.9920768936756339,2.509337876108695,1,SisFall,SA08
0.9991875079437301,2.8383725447463495,0.7361505805975991,0.8236113487430813,56.256336264404325,30.473111916875517,58.15382325466992,43.76635667014733,57.27337178022439,130.54975956619697,0.11,53.14136435060913,1642.4901130646763,767.5759399373458,300.1435288790439,1.3341574495088215,0.1837643304563163,3.9960597593578826,0.43973267623816603,-0.9630355030980078,2.840680546718153,1,SisFall,SA08
1.0115112216515634,2.8383725447463495,0.7517659167548327,-0.731239292146742,56.256336264404325,30.473111916875517,63.09658377242,41.78990516664254,61.70231625575045,130.54975956619697,0.11,55.40758378645076,1538.83681061102,981.5621724501862,305.3877900477832,1.3194755770773423,0.40890997706792076,3.908609790074485,0.3959001665912007,-1.121090881047502,2.8060712090284405,1,SisFall,SA08
1.0933842138530807,2.656846818593062,0.7616079951785122,-0.3675401512463224,53.966363072327894,30.568541060847604,63.09658377242,46.131585549109495,65.98082206679068,136.3200352127854,0.1,56.8678889612567,1926.6089448714274,670.9761180883471,302.6772740643163,1.4506558877191766,0.5863877131687568,3.765407292089332,0.14651831120125508,-1.4397848962912272,2.429929717872046,1,SisFall,SA08
1.0475236394441019,2.6551478569147897,0.7386116586719812,0.8882399619847963,47.65448478927786,34.15163691627823,57.58373579503283,46.131585549109495,66.16914610806502,136.51469288984921,0.11,53.489854573611034,1393.066791841899,920.4459351190396,414.4698562932234,1.4279653519342868,-0.6256507099696232,3.980724730576895,0.24657646227044872,-1.3890197756029845,2.5346901316488837,1,SisFall,SA08
0.9953399840115036,2.2856977453889367,0.6804624089435457,-0.41375293635462607,49.6158633543092,34.15163691627823,49.65144566455353,45.5509015898188,65.65465368437705,136.51469288984921,0.11,45.39703188454371,1172.6005878765038,859.4506445495235,283.19739368570174,1.3529256806362897,0.8667383315406627,4.473936126381361,0.2994852387600269,-1.3386179181155795,2.2963989783801653,1,SisFall,SA08
1.0692860260814816,2.5058560688318043,0.6707875809402095,-0.6466438982092328,49.6158633543092,37.34817175793044,55.789958503358214,48.278844336446426,69.07919512056468,134.86714049616364,0.11,44.12994654498039,475.5047761760698,1504.1431005358806,270.97939708204905,1.4726279712294894,2.6533647091780894,4.399277587242279,0.21748471197067476,-1.2684974648140888,2.3434852642561337,1,SisFall,SA08
1.1155790994194454,2.7578181908675616,0.7347012880222048,0.5229178701669215,57.52008991162361,37.34817175793044,64.05900839227724,49.54589551976836,67.66392705325791,175.35052168530817,0.11,52.92023216659677,1427.0084097434578,876.1311419820366,395.79228877094096,1.5277309306944846,0.4575948159000373,4.715920667498485,0.29562670233121713,-1.1145767921583982,2.4720955847790553,1,SisFall,SA08
1.0323796018181242,2.7947132098408756,0.7514612734663759,0.6606162575967381,57.52008991162361,39.74952474605519,64.05900839227724,49.54589551976836,62.863326988737356,175.35052168530817,0.11,55.36791420300022,1738.3124146378939,626.0012898268134,459.44991988830384,1.3943479732136972,-1.7850592415452875,4.395102535775605,0.5305846986552883,-0.85778925655393,2.7070596686030104,1,SisFall,SA08
1.0337658340960842,2.844750407377899,0.7429279517463325,-0.7030311346803086,57.5135168722414,49.75127647158171,62.0450016422972,33.84692199270498,61.39577565761651,125.26316116489106,0.11,54.11474648581953,1439.8696114623435,888.8741645196192,431.10829479483374,1.3938029882226173,0.7134940443198508,4.05962099569707,0.5029092082194675,-0.8416806625050608,2.7518324615042045,1,SisFall,SA08
1.104851392457601,2.844750407377899,0.7313620012611332,-0.7740007485781385,54.0619592643091,49.75127647158171,60.42502707984565,37.40812372412712,67.42832298004132,138.25349172307372,0.11,52.44063572361595,1436.0892350862998,912.491276182394,325.8919106357191,1.4688762983960304,4.322966555334109,4.272930321324979,0.22271887528768247,-1.1100656125803952,2.57478100769942,1,SisFall,SA08
1.0557053017189828,2.5489985149629777,0.6985754402298628,0.7515070963165942,47.89469035050732,31.685170020616088,55.84366716669034,49.982659764000935,70.82085220577915,138.25349172307372,0.11,47.85222768559333,1098.4090503324287,1034.2775617024693,307.7769999303618,1.4261657458395443,3.978670353590035,4.2345368323398285,0.24838779838853503,-1.2868989132192927,2.4144981432484194,1,SisFall,SA08
1.001589045890936,2.904269402591926,0.7306524293807842,-0.2550424583228427,66.09589332936133,32.598085891480586,70.75900389391757,49.982659764000935,63.71822031862839,137.6203508199107,0.1,52.33862095381346,1674.8309746970522,643.3420219264376,351.09667202099655,1.3590605759463517,3.9118663657883723,4.063085911612675,0.5062474124390381,-0.8990646542148695,2.8996616781205873,1,SisFall,SA08
1.0742574657235933,2.904269402591926,0.6986921668381366,-0.43295985907312085,66.09589332936133,34.61190096041719,70.75900389391757,46.66920586074029,60.68867055942164,118.79956973469707,0.11,47.86635072674213,1254.3219383722487,887.934223134016,298.9277255575839,1.4366011248441442,2.55238813737345,4.125922627619448,0.31403191136446085,-0.9187729465994043,2.7035133273200467,1,SisFall,SA08
1.1038289945275297,2.530650954318988,0.6758934922320144,0.8009885041292156,54.461631593153456,34.61190096041719,62.198968206531056,56.80469537429966,62.328857516552674,172.63708419585606,0.11,44.79068631783547,949.9463879254636,992.2191808889078,342.15943339523744,1.4893539336446233,-1.8859596430841168,4.50722722660653,0.13506256185004906,-1.2744190548566803,2.292611395369321,1,SisFall,SA08
1.0169471587358523,2.632647489106984,0.7278081904816909,0.9831007762230728,56.31519332050038,31.600173738215048,62.198968206531056,56.80469537429966,62.61935297074645,172.63708419585606,0.11,51.942856129644404,1099.015122914004,1143.6999888997707,406.37055079809016,1.3760891862935347,-1.673487921969176,4.021329208040784,0.42510623532560526,-1.0918950582706461,2.5887750809902728,1,SisFall,SA08
1.0168483457603492,2.6481670510738304,0.7271373691371891,-0.7568525893063286,59.78225541753761,35.44153891690143,66.89928859268466,40.38637017725486,65.95023930969546,145.7890794756948,0.11,51.84630529782032,1017.0380834322324,1268.9917659856962,358.1317207709075,1.3678125778566224,1.1506158867615104,4.260770165474542,0.4128556298688193,-1.0998127115199263,2.6042890624469384,1,SisFall,SA08
1.0856617061036644,2.6481670510738304,0.7259755178688393,-0.8037643370522143,59.78225541753761,38.22243959947898,66.89928859268466,43.25674109283493,64.35711141393023,140.32160831714586,0.11,51.6854485884263,1063.6141215971747,1217.2224416865681,355.121314725998,1.4845340273074399,0.8163803968916598,4.507214290792754,0.2455857555413357,-1.2045939088408035,2.4392193367357997,1,SisFall,SA08
1.082922017751918,2.7448931885699848,0.7330509692141759,0.6851895828209019,53.12940437424953,38.287318135559836,57.14456936156961,54.739775403866155,62.95904669432981,159.06498551206826,0.11,52.68455893370649,799.6590892246905,1527.6831460647736,359.5702703295671,1.4964172664239286,0.03742652033627021,4.352783428443539,0.27448845041401204,-1.078604870946347,2.534709903600558,1,SisFall,SA08
1.0378922790164418,2.7448931885699848,0.7083629460169559,0.6087125868453857,52.43316773029648,52.96475790608158,55.85020787117556,54.739775403866155,64.37477011687547,159.06498551206826,0.11,49.194433854733326,596.9503635807479,1609.626219090117,302.339543920535,1.4203673135496253,-0.13802450003439434,4.226057554294246,0.350718343250652,-1.1001717830009243,2.644680201999749,1,SisFall,SA08
1.0046173681421815,2.7115822115648855,0.7151783111666572,-0.5868661268005639,56.177084532890966,52.96475790608158,54.04333080491344,45.1694567041146,62.86956448833839,150.7292747893103,0.11,50.164534374167324,1085.6198948057183,1205.7779717567578,266.9933865200572,1.350074538038344,3.7162702928440097,4.224384289623865,0.44658087658008583,-1.0530376547529852,2.699119356843458,1,SisFall,SA08
1.0395570560540575,2.7115822115648855,0.7102847013450183,-0.3663065383505123,56.177084532890966,29.121991116378954,54.04333080491344,30.099725094134367,56.39010387636091,138.02838008183795,0.11,49.46442342565174,1253.4041442438324,977.6918978840035,291.5895525804028,1.3688815544050377,4.357536626135713,4.241862800071441,0.36081637539741246,-0.9671497060815044,2.6084015010907367,1,SisFall,SA08
1.0583783818053047,2.5928366178010243,0.638520359550927,0.658924684007645,49.55600322394614,25.829439387201063,50.588951435076865,30.099725094134367,54.90403751757332,118.874252399293,0.11,39.976078205347,973.0067714620695,771.3882594629246,294.38495754770315,1.4011514231827062,2.827229186014337,4.2796196726353655,0.1880877536330707,-1.0225286301253433,2.449820062348734,1,SisFall,SA08
0.9879566592204495,2.4219592442105506,0.6002219522502991,-0.2047031944405184,43.97937025477624,34.6074167478979,48.17868789177836,44.38285399602443,66.50457913365238,133.06476821138895,0.1,35.3204229316833,1193.1369601638407,379.9212453606334,228.2833639913737,1.3382045968070866,7.7780581240949145,4.458012153226979,0.35898035277297957,-0.9309157385906035,2.4514832681089196,1,SisFall,SA08
1.031843753720497,2.4219592442105506,0.6214240578628066,-0.38204315940079836,43.97937025477624,34.6074167478979,48.17868789177836,44.38285399602443,67.35528161638643,133.06476821138895,0.11,37.86208706354762,1365.173008473519,400.057737037935,165.73569472947452,1.3787208187157083,8.764547376487524,4.491719314784019,0.3152979261648592,-1.1313799946786773,2.3472150817462367,1,SisFall,SA08
1.05830772557917,2.4826885716018587,0.6617409951699553,0.7700839493112471,51.85495407349496,22.987642375108383,56.72552444558705,39.49577864442937,55.61193055976514,119.93118507865547,0.11,42.93826403368803,1223.2187242342686,748.2345785150799,218.3981629687408,1.3940162573670407,5.146732589358522,4.385179939990557,0.14092690298599947,-1.3683576266832864,2.345904209273479,1,SisFall,SA08
0.9449264210179769,0.9655190101753788,0.005241201073262191,-0.0009145076844381553,0.7743564070577968,0.8740571474530454,0.7270818715634009,0.7676836023597255,8.480505309329132,26.428789132160812,0.28,0.002693172652440948,0.03435930751271667,0.05445054046809117,0.048541957293680466,1.2021565896425328,14.104989164465028,-1769.6400777026472,1.2331639116894704,2.6644569791376727,1.0217927856406952,0,SisFall,SA08
0.9505067998092284,0.9843982599936213,0.010761900812173986,0.021663408891981154,1.3800761910916948,1.4605905053240191,1.480429799226235,1.2723543982249756,23.686635422603743,43.200970921576065,0.21,0.011359300474266195,0.2607148119284096,0.15180533685462003,0.16680417540454628,1.386373081409032,18.88544341244153,-885.8527260673006,0.9364719201194418,0.7624728904805589,1.0356561887138873,0,SisFall,SA08
0.9670595224826593,1.0336086899605454,0.024569165827116886,0.019379420376749487,2.972189059323216,3.156134283284051,7.307039853874539,2.4841197955365026,37.24196310045952,62.639185286437204,0.19,0.05918739730069118,1.7563158889253614,0.365427678233773,0.8968136951761151,1.448619907781659,14.01852482566377,-314.86445915125483,0.7490979329914033,-0.18038735325263122,1.0688159883053316,0,SisFall,SA08
0.9866215470123108,1.072876419664858,0.027227525227027944,0.00863674273324779,4.804689284167751,4.1460074322812845,7.307039853874539,4.240531342509363,26.07521229176018,62.639185286437204,0.29,0.07268027702770265,0.9140830176677504,1.2965619091770506,1.4960492015680333,1.3391045945484257,11.63979766382689,-211.33777252208816,0.43814540238227456,1.276668867610213,1.0874244658851204,0,SisFall,SA08
0.9933151468413827,1.072876419664858,0.01916364046102643,-0.00856133948283491,4.804689284167751,4.1460074322812845,2.429500663689444,4.240531342509363,7.611538374329739,28.683216567571034,0.31,0.036004647805211294,0.14887306416509719,1.0798772509584695,0.6074867229422096,1.3363978350241446,18.44642241386155,-264.34294307918475,1.3467653249911733,7.1286431602374005,1.080096696678293,0,SisFall,SA08
0.9919162508761232,1.0155733890818064,0.005712602203738776,-0.003355252291184688,0.7725597745831703,0.7951728640942735,0.9036479828648629,0.8347546874486078,3.5826395276717706,10.937912734930512,0.31,0.0031996220521922697,0.05397590640444612,0.05136320072224366,0.05784161753511598,1.352884367805038,21.20599304085592,-1653.5564670197684,1.7162830761830343,4.8432583993871585,1.0238499247756938,0,SisFall,SA08
0.9909438350715526,1.0278819695609667,0.008260970203521581,0.0005585805447560886,1.5857951762999145,1.31539481867331,1.6003856417207396,3.2113326424695496,5.845635533562197,21.337172316171554,0.34,0.006690553198524078,0.08123602850004662,0.11687778499146786,0.14310439963321359,1.3660724101415076,22.60094710314313,-852.4806460927347,0.6566586015451114,5.0191378231348,1.037275698994575,0,SisFall,SA08
0.989847449179667,1.0401906503634224,0.017525243379370333,-0.01350164120545221,3.103571902163327,3.2554578149446454,3.7981047894477564,3.2113326424695496,21.486796360597733,56.22797639584802,0.32,0.030111193602288366,0.45321938079141766,0.3412343371332856,0.7412171557920036,1.3316544536570962,15.968690848870681,-359.95713937013073,-0.1940555393490493,1.2550720411582876,1.0508595447883222,0,SisFall,SA08
0.9715371507486347,1.0401906503634224,0.025757092683604987,-0.019484093368818886,3.103571902163327,3.2554578149446454,3.7981047894477564,2.830470557896768,39.00256776502646,73.00005084597606,0.19,0.06504382946851958,2.1537513205164296,0.3961881701842173,0.7672958121938523,1.3566933749147803,9.45960968366006,-269.3955030691971,0.26298733861509266,-0.4561855395792591,1.0706648107643002,0,SisFall,SA08
0.9499255639092954,0.9902098647898692,0.015952888385993676,-0.019875373833889508,1.1695843005027295,2.247284733127701,2.8408205360374303,2.7321381096552586,33.23477433359485,73.00005084597606,0.23,0.0249559899422725,0.5767094694268252,0.3754129922089989,0.3206330254200733,1.3519613747729522,13.435779543550447,-534.0072796713633,0.42566600108543867,-0.12198400462466408,1.0424078390844758,0,SisFall,SA08
0.944988207408832,0.9893964221474899,0.010127555014616586,-0.005912304798393712,0.8504845128719907,1.8238166924705173,1.9428256185066661,1.308023894692406,14.2716108380508,31.6341058593541,0.26,0.010056661624368864,0.14439614313948754,0.19494345370894117,0.17355014599438343,1.2331963785896287,14.333966655903112,-630.189418165575,0.7861603934613886,4.011540787172265,1.0469933951773764,0,SisFall,SA08
0.9441336619624648,0.9995614730489522,0.018012753957358022,0.0169594182451406,2.675009137172962,2.5329527512530765,2.603272847299065,1.4804300046226764,6.229202090255036,22.142658049025528,0.33,0.03180979381966465,0.3741665131005049,1.0115605117504058,0.23657245995198625,1.2365101751292684,18.068255616242638,-293.28507384142614,-1.330060619385074,6.571282895599381,1.058707577891249,2,SisFall,SA08
0.9450469513254625,0.9590300188328903,0.0037956135750036465,0.0006244399609129543,0.6618286018036434,0.3883483740442423,0.6805629789271517,0.49393979380890907,2.7321529927647425,5.658328969410286,0.38,0.0014124198595191388,0.004521361001612437,0.019155148361285998,0.04835690347257764,1.2403338023878903,17.91639662848149,-2724.6456813708537,0.8583876792415295,2.053719445892974,1.0147961509635628,2,SisFall,SA08
0.9444249371376098,0.9590300188328903,0.003889400324198712,0.0013273662495788283,0.7625277130209884,0.5366615038805194,0.7705218056730134,0.49393979380890907,4.805233336211186,11.80114357844656,0.34,0.0014830878288159867,0.009205319669964407,0.012902907645352929,0.05352925195429799,1.2385502853516102,17.683045998228593,-2640.274675411268,0.6481756048252701,2.2018104671548473,1.015464512812316,2,SisFall,SA08
0.9365727417434073,0.9541875221369076,0.009692026314341098,-0.008637222967432455,0.7625277130209884,0.8772715225557538,0.7705218056730134,1.1781139697096006,18.90516105302165,48.42616918880637,0.11,0.009210941580431597,0.27989512264227273,0.10866213908421501,0.0812007588755237,1.1540684564114785,9.702919620879008,-1206.1284103676937,-0.5756109664383522,-0.7440795227323527,1.0188076904444539,2,SisFall,SA08
0.9824682345864294,3.245941217549995,0.35779335538654267,0.022719347034391116,65.3387233070038,79.384440475226,50.209681335628694,41.931452468852626,68.29420441186771,362.5789643438172,0.07,12.551605051800614,250.34642785796464,286.7007542912899,103.08467549257675,1.3100357914537517,-12.837771097466822,-1.7975172661533132,3.788277097301029,17.447556136601563,3.303863748712179,2,SisFall,SA08
1.0053554406893312,3.245941217549995,0.3555016593079758,0.0327377141264351,65.3387233070038,79.384440475226,50.209681335628694,41.931452468852626,59.0808171100555,362.5789643438172,0.1,12.391999818830586,240.91715223906334,287.07130550888274,104.00353301241367,1.4866960200492088,-44.60782683090629,-1.7975172661533132,3.6704356075805156,17.00960256146986,3.228650339861773,2,SisFall,SA08
0.9749541714227257,1.0576820881829703,0.017575430110211378,0.026367570138502033,6.7209620616145545,7.420112816874766,8.908735660472262,3.3527387752852964,7.7112504868919,46.75936766870292,0.31,0.030345093864279266,0.29196086253050746,0.682410189430635,0.5732287351171002,1.430709401013377,-61.62230669491094,-327.81354347611307,1.6791891020880063,8.405280731053786,1.0848531226765157,2,SisFall,SA08
0.974490426041807,0.984312949291285,0.0033098826532010836,0.002117677941135966,0.6166879685401805,0.6457859668363763,0.26481511574612815,0.62200190002904,2.992013244226633,3.941932256708234,0.39,0.0010743247752566906,0.005160707962788924,0.021564755955493804,0.028065099619808492,1.4288536826848854,-61.953778361989436,-3213.5910331158975,-0.045978281495924186,1.0083045036652916,1.010079640483056,2,SisFall,SA08
0.9742690287483385,0.9891320218870986,0.004254316043727307,0.0011003545161013303,0.4692158389993484,0.6457859668363763,0.2432150016743087,0.598679830349752,3.0591243444129113,4.428511971964039,0.41,0.001774449371931195,0.0034136057364424228,0.04447470876520361,0.04260860346684493,1.4270715330787886,-62.145472332418166,-2188.2795915050992,0.04161215199572362,1.758217420737707,1.0152555223943631,2,SisFall,SA08
0.9738876990053521,0.9981288024243673,0.006706517815464967,0.004383950436192488,0.9209591204155598,1.0777153500072216,2.9244608015558367,1.2461565417594633,3.2760562268631706,7.3484354857814065,0.29,0.004409547874790989,0.0572300225621984,0.06611239781180989,0.10154452124033217,1.4258426613025907,-62.30626420561027,-1008.5807353556054,-0.5074796357971831,4.139872711211774,1.024891055914211,2,SisFall,SA08
0.9739582742094994,0.9981288024243673,0.006126024379115514,-0.0025450815995677685,0.9209591204155598,1.0777153500072216,2.9244608015558367,1.2461565417594633,3.2346387667533363,7.3484354857814065,0.3,0.003679239350669576,0.06232033485373052,0.041188745157500824,0.084132126872917,1.4280324795143866,-62.193033488572695,-1050.6716994045094,-0.7565961266736427,6.493726960098746,1.0248167900070644,2,SisFall,SA08
0.9751722753656221,0.9899798901724794,0.0043892076731697205,0.009025314937751461,0.5535816067248733,0.44082525363157987,0.8618187908786253,0.7664549137566867,3.668140517901815,12.250479616169187,0.29,0.0018896729498406267,0.011253766241509812,0.051308907895126495,0.033810646305235656,1.432594565790634,-62.05883528373707,-1774.9880546728123,-0.5373923814854434,2.893792721832262,1.0151846038172685,2,SisFall,SA08
0.9730227876843693,0.9965726924408336,0.009242687186095075,-0.003561809641914019,0.993859164496963,0.516137497418398,0.8618187908786253,1.380465190439617,4.728318341219829,14.511360645504194,0.17,0.008375230663702026,0.11483008443243176,0.24585304181244041,0.06645363760393114,1.4478553967733845,-60.89813877589153,-950.7364788238864,-0.3043291490442007,0.4202286630350227,1.0242028191040426,2,SisFall,SA08
0.9721843221152935,0.9965726924408336,0.00852600101698645,-0.006480592954183909,0.993859164496963,0.516137497418398,0.7043238745433833,1.380465190439617,4.327589546272794,14.511360645504194,0.26,0.007127732148789301,0.08788357904008003,0.21013401832478348,0.06549674222339094,1.4624086053082297,-60.17770467346998,-974.0750220382864,-0.16788726306745366,1.2364898728248077,1.0250861482950209,2,SisFall,SA08
1.0103359035118016,3.2437386207384615,0.6241955019079216,-0.40324422241545654,29.317106674523483,15.254463828516318,61.363238780302964,62.08531067948645,30.294826180797617,139.90691985955735,0.04,38.23127048712414,1551.6880431753857,270.54668467294306,127.5600669950023,1.2493496952571637,5.556522672180433,-0.09356911349304003,1.965759271437061,4.415568071536002,3.2105546060058687,0,SisFall,SA08
1.0752797461710222,3.999664586256001,0.7965120497042644,0.003743653491804172,61.775726853933534,26.27230891093914,63.5494075516399,62.08531067948645,42.371983843459894,139.90691985955735,0.06,62.22520869979518,2101.2015829371994,871.3901388050697,200.8939219472851,1.3129433980946272,-0.5926105804415246,2.623719151807204,1.6100028417489125,2.320280328840595,3.7196502243271645,0,SisFall,SA08
1.008460926889549,3.999664586256001,0.5035254508959021,0.43226416042599014,61.775726853933534,26.27230891093914,63.5494075516399,34.393598217501584,17.208421107641417,78.9937792938449,0.04,24.85715319480183,599.6847986448615,575.346223888487,92.6837904015445,1.2405850875634536,6.226011861494842,-0.2509024854070344,3.607279468170333,16.39301450118717,3.966107600153938,0,SisFall,SA08
0.9429285923503898,0.970992951794457,0.007146774113120294,-0.007271710009327141,0.7937177122360861,1.1615631404952471,0.8555377604768266,0.6750944891783391,4.394657785572439,14.109446163463494,0.27,0.005007488260221892,0.018232444034362798,0.1850684479242381,0.052081009312715594,1.1682199424474176,11.172908316726755,-1220.5150736080059,0.7588316134715982,2.8434431901177817,1.0297629633612901,0,SisFall,SA08
1.0008388020509154,3.190820680029886,0.6013513957104107,-0.39401472580590985,35.083693651014094,12.035847287567172,47.819462278163535,47.36074224442927,24.4089684000832,114.08542338325111,0.04,35.471813589301384,1467.4580495710495,283.4688783633972,58.1355651199237,1.2325376205836844,4.44875892658429,0.1717531991176524,1.9247653733523296,4.304262519957413,3.1881464243890263,0,SisFall,SA08
1.0630194510482913,3.965951915634281,0.8081231131090483,-0.012357400820013803,69.13723115878813,42.3939870190214,68.11090183146531,58.775668348014264,34.62505765340642,114.08542338325111,0.08,64.04203389565669,1987.1499139663647,1153.124804027892,125.86901068423425,1.3273594991881914,-0.6124212083289678,2.807117867607467,1.6728383838381387,2.6286850876333796,3.7308366036152125,0,SisFall,SA08
1.0059909385468384,3.965951915634281,0.5466710466395481,0.3786005390963379,69.13723115878813,42.3939870190214,68.11090183146531,58.775668348014264,14.500543813113143,84.27210642874608,0.1,29.299025780657725,590.2074640692857,818.9700849940806,85.07276575017781,1.2615908761038872,5.613206390466518,0.8203733184194276,3.559364568241775,15.677780299200172,3.942333597894821,0,SisFall,SA08
0.9441473897632977,1.034847003866673,0.017754045178317617,0.0018259529394932805,2.1939126661774,1.9576651327941708,3.371247022289808,1.3575179308902605,4.494718229288581,10.801671582954818,0.18,0.030903889329906595,0.19738773636469345,1.1961059487282424,0.18260467073230083,1.1744941684981711,11.1015733165733,-319.68810504651253,2.0844636033705095,10.777177576171837,1.0960650891228574,0,SisFall,SA08
0.9426811381871529,0.9535183770579593,0.0036932152731745755,-0.004456556000889313,0.432477054511643,0.6132086815458647,0.4531630176967727,0.44499364911206596,3.453627076237494,5.534732354406181,0.32,0.0013373371831686904,0.010247568246378076,0.0274889763412155,0.03046765175400964,1.1881606812515313,12.191016768263594,-2913.843401490645,0.15849106635500776,0.5250470197545032,1.011496176508512,0,SisFall,SA08
0.9429535301319818,0.9505962856534702,0.0035157129174796303,-0.004265811258548708,0.3719688147522715,0.6132086815458647,0.4227348359450711,0.4642755860131062,3.5823992441360106,7.042973512257592,0.37,0.001211858339567423,0.01735931279945959,0.018798494861959406,0.02564696765651956,1.1930691891503586,12.512739635391538,-3370.9373755619963,-0.5329189092674413,1.0894454362785186,1.008105113556728,0,SisFall,SA08
0.9426414020283883,0.9516931673644676,0.003850627199066047,0.003426332944124211,0.4255571309355888,0.4714588332008558,0.46637232239561954,0.5226413447384545,3.455778724410872,7.042973512257592,0.32,0.0014537622066883949,0.009337339287152588,0.04128610357098771,0.023518429682967825,1.1962522034086107,12.711691006559874,-2968.701534283231,-0.4731568658930095,0.7487980845763751,1.009602543682652,0,SisFall,SA08
0.9545153351640312,1.399132684778611,0.13235411337121353,-0.11795487472838095,11.85389587609892,8.139782428513598,13.35802448910356,9.61097938998022,27.23749585955326,67.59491977992103,0.2,1.7175016455175884,15.052634023394813,69.06343302977785,3.4765168682243535,1.2266444081064645,12.85720700140502,-15.094522763139516,0.932616912549421,1.8138188465550096,1.465804286821783,1,SisFall,SA08
0.9531975690582383,1.399132684778611,0.14478127850462758,-0.017478575228848155,13.806795408283396,7.035753291363392,13.395885337107488,5.678638295363402,23.238863773905386,59.06393104939669,0.17,2.055060649859322,15.505015966845994,84.36371977244488,4.939357403534533,1.2391389377003623,15.312086346438846,-12.815204156451841,0.5895626819795561,1.02684024602451,1.4678307158112567,1,SisFall,SA08
0.9541916837588534,1.48372800899744,0.16532029423923733,0.183547951021548,13.806795408283396,9.602779200884722,14.749321592975207,8.212891998260528,29.636922653573084,75.11299603923817,0.23,2.679934937035592,18.25237434224426,104.08772821565509,14.336579230915845,1.2649576854917326,16.27400110856498,-8.413984302262108,0.5132369995421365,1.308678552050992,1.554958001313741,1,SisFall,SA08
0.957991900811802,1.48372800899744,0.15100855083601236,0.010707449053856745,13.449392404441252,9.602779200884722,14.749321592975207,8.212891998260528,33.24690524092048,75.11299603923817,0.23,2.2356459362882184,14.218832025175951,91.77191666358722,8.027194061935997,1.2816135432146454,15.708308401633806,-9.837714784296633,0.6030830300190736,2.363768070440777,1.5487897050614232,1,SisFall,SA08
0.9537945972679076,1.2902182519423333,0.11162083516836825,-0.08698807227141538,9.243502642908041,7.919618074486771,9.916135807476122,6.970021168228936,30.10494825928286,62.1878937427187,0.19,1.2215088835558199,13.212735004510385,42.02148317274417,7.062734884092256,1.2763764268193962,15.517293332362174,-23.010094871110947,0.7022310311556967,0.9788873028717924,1.3527212694545345,1,SisFall,SA08
0.9564281386308826,1.4316712227300568,0.13547341874140578,0.021007856291653013,12.989730765434171,12.087832279161601,13.211483449188792,6.970021168228936,26.314733847256292,62.1878937427187,0.2,1.7993545083723077,17.41090462279031,61.42706432223215,12.929110981965252,1.2919479811883554,16.828235136756874,-12.165851203346449,0.8456285573719958,1.6619127372989766,1.49689365037978,1,SisFall,SA08
0.9627257234697824,1.5340578558494433,0.17326027534434996,0.02139270976138369,18.936913417339323,12.087832279161601,22.458410606731444,10.04768535351143,25.31657224799828,69.09243745117256,0.2,2.9430515136496354,22.083375884969584,105.00962036540615,23.002630945755662,1.2914965728688832,17.019691546168808,-6.4482559522273695,0.48094499269485214,1.9101762661156805,1.5934526340336925,1,SisFall,SA08
0.9539614515038436,1.5340578558494433,0.19257222604217428,-0.11850778046980727,18.936913417339323,11.037725017995136,22.458410606731444,10.04768535351143,36.414842160615336,77.59798660401455,0.17,3.6357506602310714,11.775065439135634,151.78050068168068,21.86771755096833,1.263802587770927,15.086423277715745,-4.789040464522932,0.0336701473211164,0.9354162443234286,1.6080920642550112,1,SisFall,SA08
0.956924515396327,1.46247077212465,0.18068179593391603,0.03803494063495517,15.37397701919934,11.037725017995136,17.694771382597573,9.334190292661704,38.10066691505288,77.59798660401455,0.15,3.200583361335154,31.53008131276914,112.94699326862231,18.75267684670142,1.2210007331045032,11.346973675571626,-6.2323277523089855,0.21158158724551177,0.8009225645577507,1.5283031559034836,1,SisFall,SA08
0.961235528104283,1.46247077212465,0.15544399994126454,0.051677999658038126,13.858655903984262,8.963485031400921,17.694771382597573,8.245074805363908,37.02641222943428,101.2044886488392,0.17,2.36899787483278,29.68701769228347,75.89847624549984,15.23339767868847,1.2327569192660675,11.472369169149722,-10.140916175560058,0.8005134860165286,1.452315499547086,1.521448920842946,1,SisFall,SA08
0.9564959963373816,1.4345181904723667,0.16249071170657003,-0.10738937422328856,15.45574904397482,13.334227796993957,15.263371976129347,7.55025665366647,37.56259883950127,101.2044886488392,0.15,2.588761405533513,26.91306619566081,94.17780386091125,10.9359616256371,1.2789416016105568,14.534117031433158,-7.544184701379787,0.39297323635844905,0.7142422840292459,1.4997639101133622,1,SisFall,SA08
0.9708933090371467,1.4345181904723667,0.17288723489646385,0.11988763933421939,15.45574904397482,13.334227796993957,15.263371976129347,9.355895619387525,33.563979122225625,78.21509459786509,0.12,2.930451436887605,40.44840747969877,100.03985971949832,8.964756082070734,1.3107159315948167,16.94501947357554,-6.852792252206836,0.3524319212550707,0.20199832837955434,1.4775240104597749,1,SisFall,SA08
0.9584612726337624,1.3321618794991426,0.15339107992919793,0.061272521962121414,8.846154511914056,9.721487427803316,9.822738024054244,9.355895619387525,37.32104989949948,89.45338933063732,0.14,2.3069741823844065,28.861929723645222,85.5331668082102,3.2605867697493047,1.2750316346451662,16.491036562365526,-11.789589755695195,0.467110567056252,-0.02164659231916355,1.389896392933563,1,SisFall,SA08
0.9658112559817448,1.7931178129547864,0.20117150106618997,0.0716344711547203,24.914415681034207,22.949989485047208,34.25042605156796,15.744858301758091,38.4684014181156,89.45338933063732,0.16,3.9676446423052925,65.41023091863772,89.32853689737746,47.611108941554704,1.2471771500537339,12.743000892529297,-4.577489026120095,1.2733108085044165,2.6954885733256475,1.8565923551658785,1,SisFall,SA08
0.9609597731722643,1.7931178129547864,0.20352839494772806,-0.05610902467631532,24.914415681034207,22.949989485047208,34.25042605156796,15.744858301758091,32.880711802676956,79.50958773119794,0.15,4.061195077703123,74.2252121514821,81.91469827698414,50.981038534392994,1.2263407048328328,11.552411616513625,-4.330868682805827,1.3049581266439338,2.6009450479335907,1.865965511101256,1,SisFall,SA08
0.9596498096896974,1.3547857274276585,0.15729294849318123,-0.14720958440843931,12.435751623402819,10.362403762786752,12.618619467935316,8.415248550919202,31.213526126835177,79.50958773119794,0.13,2.4259271176651414,44.96259374636486,65.64562604197208,13.114063212585288,1.2270683683143166,11.786191251369154,-13.0635059523375,0.686996303467086,-0.17655301705279625,1.411750098453338,1,SisFall,SA08
0.9619965813041234,1.380597955889515,0.15091705847400036,0.014499118447406086,12.802356110806,8.95000789817316,14.264744094950721,8.186125762655896,27.665384912565614,55.44198033461593,0.12,2.2329444416300204,33.324802765947005,75.68935253281366,4.866011224370383,1.2478536192586605,12.753659538646566,-13.975508578779463,0.8808628939187084,0.6523917941122717,1.4351380954665522,1,SisFall,SA08
0.9615710917501439,1.4467967859152444,0.15702281195593007,0.046697128955134885,14.531475730669124,8.95000789817316,14.85892918842579,9.21127480057787,26.4067647990222,68.16603285794069,0.14,2.4172865741706357,41.45189998058815,73.3526818448682,8.477033457246108,1.2470523435948366,13.325793011632257,-9.4058300221958,0.7557544885174025,0.8363631022393063,1.5046175818740257,1,SisFall,SA08
0.9561675349661557,1.4467967859152444,0.15392461333055596,0.010647231828696296,14.531475730669124,6.487777553574064,14.85892918842579,9.21127480057787,28.102021955875024,68.16603285794069,0.14,2.3228287782624784,39.495340230624045,68.70375507094565,10.265172389816708,1.2402848333386778,13.907744555721862,-9.07021808743503,0.5384969641016296,0.4498186522297365,1.5131205755017076,1,SisFall,SA08
0.9501006661861509,1.2821442145755995,0.13194045115834235,0.2507348574450705,10.989630265049632,14.844565812500612,10.898335993168068,5.233814629545313,23.25545112114521,57.073042064935294,0.11,1.7071701242220592,24.63909686385757,53.37147340334118,9.055106068126296,1.2392293913953507,15.069631951271747,-15.042132698366865,0.3607069577057862,-0.09552546121272165,1.3494824777120693,1,SisFall,SA08
0.9619447992573735,1.474443471038845,0.14506221268899722,0.04334730715008656,15.339585624950685,14.844565812500612,16.33047465951781,7.663480507153479,26.245344794673294,61.018473995244946,0.12,2.0631287351571443,28.560373338255552,65.87632940704691,10.782862747711919,1.259078502531119,13.587594485675108,-9.806864130616571,0.7650407299817163,1.241505387067268,1.5327734573224872,1,SisFall,SA08
0.9488213497305291,1.474443471038845,0.11872455819837051,-0.11734154192675224,15.339585624950685,13.195716688439582,16.33047465951781,7.663480507153479,31.789744981165196,77.57313047026595,0.21,1.382060133377608,18.924387190753848,36.54913434753292,15.011545263971243,1.2581045525558348,12.865437279636854,-15.92889821055417,1.2068792359562415,5.082744339101589,1.5539737337464616,1,SisFall,SA08
0.9480775721831955,1.197032101091501,0.06752360503513409,0.019840868581622654,5.921026595641587,7.6468156539323955,7.4926829514850635,3.7237566162235334,26.55626317435135,77.57313047026595,0.2,0.44700921668324045,7.360084445194852,13.24173893928279,2.1956466663676246,1.249779617228036,12.852891972792897,-55.31621135863098,1.3541290542229967,2.787075211793762,1.262588762340549,1,SisFall,SA08
0.963366365938744,1.278540049576797,0.11372250291877,-0.011864354391157345,8.136997333277607,8.94646398247774,9.341975586046692,8.221727723759404,24.31311976471188,58.352146667945355,0.14,1.267923924192373,30.687907699947687,30.968005835493255,3.008206598370079,1.2397768025249383,10.154168654499253,-21.588450618351715,0.5208145481143948,0.16411401451390484,1.3271586817953185,1,SisFall,SA08
0.9613976741019676,1.3114084662319319,0.14060800940280035,0.02866971360701066,10.107506962907603,9.42269283045267,12.516262197900952,8.221727723759404,27.93694272721069,68.69168191152215,0.12,1.9383408035900118,50.80630097153553,38.72420897055601,9.324871040999078,1.2537383076119086,11.728450278731364,-16.878165068194136,0.5115319873422551,-0.5850194541972096,1.3640645155671514,1,SisFall,SA08
0.9558564547204255,1.3430255702636897,0.16086043525030852,0.014695326972246589,15.56580159385561,11.849092093695084,18.70041225899872,13.772767115895288,33.16893490663752,84.2672039609525,0.12,2.536872882092329,59.90973207108286,56.43148577477072,13.039299140855196,1.2384077187901341,11.980863892769783,-9.56137222576388,0.4729138965506085,-0.25620036721024597,1.4050494188544362,1,SisFall,SA08
0.9730425479227887,1.466178890042613,0.1778830337479509,-0.14645345506522614,15.56580159385561,11.849092093695084,18.70041225899872,13.772767115895288,42.881204202618946,88.25130651850034,0.13,3.102684491314835,56.397097094277285,86.78690619462719,15.052905768152069,1.2378204216721298,10.308154199793162,-6.728302332723326,0.336334746623525,0.27340129915578526,1.5067983184338323,1,SisFall,SA08
0.9556885041168186,1.466178890042613,0.16813338206922626,-0.0644168225386227,12.511709348076266,11.210927755711817,12.536047596088729,10.39950431882668,41.66450807741016,88.25130651850034,0.12,2.7715002387368504,32.3780129677863,98.97674673444493,9.99175247334814,1.2169145851479533,11.00238270672511,-7.58268918973192,0.7583834944162053,1.1883434286741368,1.534159789916021,1,SisFall,SA08
0.9579360298453834,1.4558452590381035,0.16343732706884664,0.03746038478475798,12.096995330776089,11.210927755711817,12.963382245735644,8.120822950862399,33.13790267413657,69.9496312923275,0.14,2.6188351465392876,43.844285787410186,81.16592903641305,8.550377649680446,1.2319973642221647,12.671711373398923,-9.421434095575156,0.8233225761027266,0.45448084515724974,1.5197729268783806,1,SisFall,SA08
0.955241455993312,1.3738920612419943,0.16350907981226276,-0.01570264844830696,12.770595060750745,9.584116809861575,13.430573959967612,12.436178043346853,30.676114843824845,65.2871693641944,0.12,2.6211036924410642,55.33886242103515,66.73580521040184,11.60162068305731,1.2381469329154144,12.201713993989937,-10.346472094906185,0.6039369736445495,-0.23702870561742762,1.4382667735359944,1,SisFall,SA08
0.9529590246450914,1.3392585265539003,0.1533261500210591,0.10706293005403412,12.770595060750745,11.7797978907676,13.430573959967612,12.436178043346853,30.70154765313818,71.45878366275704,0.16,2.304973508707334,45.986588241703835,56.30406726961922,15.262993432750953,1.2158346263863202,11.111693801365805,-11.080698137988469,0.4904543883491388,-0.2751244327970368,1.4053684133995095,1,SisFall,SA08
0.9577777879003903,1.3392585265539003,0.12580379157158628,-0.03811270755723146,12.47944229248159,11.7797978907676,13.502597867398642,9.262962680151938,25.48715333455828,71.45878366275704,0.14,1.5516269302228303,29.624583051221343,38.180453221875894,11.327937168267106,1.2363352037259379,13.59053352331367,-20.011343279772984,1.0850211300335137,1.2791732828240256,1.3982977361657158,1,SisFall,SA08
0.9638546668321556,1.357324987352745,0.15516266084483002,-0.10786424743554959,18.304747923990966,11.72651008973179,18.343661990275645,13.828589238964762,25.4628324054927,53.64736839175445,0.12,2.360544400996342,36.59222317644779,61.48983295591816,22.305708318447497,1.2738162046174688,13.473449749590507,-11.784961318972483,0.7350786922872559,0.5354237111433786,1.4082257626365264,1,SisFall,SA08
0.9616771990791088,1.357324987352745,0.1771245009631538,-0.03589913739581602,18.304747923990966,11.72651008973179,18.343661990275645,13.828589238964762,36.55143764644467,72.79807251143497,0.14,3.0758017031602343,49.42893976235772,87.92238606408364,19.514561034730594,1.2576637306599394,11.949575584488837,-8.379013548155557,0.5852138970993929,-0.3606109426172259,1.411414323370005,1,SisFall,SA08
0.9584768291223823,1.365087432638376,0.15846199921040127,0.1618517230241495,9.599566196554198,8.278459990513559,12.986649539147221,12.14272809891925,36.23126026287554,72.79807251143497,0.13,2.4620173334952367,44.79077432775382,69.43082930615638,11.34128037434685,1.24053498864278,12.458728584523662,-14.011361355107939,0.9334019855796046,0.2660440721298549,1.4242257892097858,1,SisFall,SA08
0.9640874210424296,1.365087432638376,0.13969757967100824,-0.025278221724126432,9.599566196554198,9.975178059564598,12.986649539147221,12.14272809891925,28.0286148833432,51.61890485804851,0.12,1.9132760815984462,44.926987603728655,47.43588593544384,5.214206622348254,1.2523508962871914,13.025053056578752,-17.614516354188087,0.9203469499246594,0.6202894547163877,1.4159373814907645,1,SisFall,SA08
0.9614336923977898,1.508639650449659,0.15666664815362394,-0.011676344344814432,14.967598792396636,11.86657530872779,20.249824918916897,10.891367400591742,32.70329404364707,67.26625914857887,0.17,2.406410991735412,43.88872851738852,65.095783030627,13.742449030490498,1.252887948843157,12.235173350733149,-8.265152892668649,0.8199003692481198,1.896906219413708,1.5691561952604245,1,SisFall,SA08
0.9584785493013201,1.508639650449659,0.15879484221239507,0.027257782376902417,14.967598792396636,11.86657530872779,20.249824918916897,10.891367400591742,33.55844290919245,67.26625914857887,0.16,2.472137608484524,37.97701507053508,73.56349956792381,14.538503394251839,1.2424148280704062,11.727771661575625,-8.664778778627422,0.926750970022859,1.9719273727506188,1.5739941554346057,1,SisFall,SA08
0.9609412541349499,1.4029152736319919,0.15564939650609133,0.04975070229511298,10.805646122709211,12.5333115998736,11.967930898265688,10.392627564634541,35.099252047649124,92.62362669110723,0.13,2.375207561552073,50.825357244244834,65.09344777741249,5.216780617498386,1.2217702082046558,10.053948124512084,-12.437315350085917,1.125450197193038,0.9351852522602551,1.4599386309993794,1,SisFall,SA08
0.9606124548753506,1.4029152736319919,0.16829786655106732,-0.0612036871456687,12.604816203946317,12.5333115998736,12.214346970507462,10.392627564634541,33.31328399736231,92.62362669110723,0.11,2.776880395394342,51.631738910869686,82.48920967889342,7.4999515753483434,1.2393374657528429,10.7718531440252,-9.783196874374935,0.7559501587527935,0.30558001029495685,1.4604383400480176,1,SisFall,SA08
0.9529960173046299,1.4012890822341797,0.15601766370536896,-0.12369961186314327,12.604816203946317,11.250320742332686,12.5190621454904,8.765456721042748,25.750009281200207,72.64808542965478,0.13,2.3864620152836,32.528501683081174,80.02775594665204,9.153305149730397,1.2401356965216541,11.769823911969612,-10.284344575353169,0.6085763887338846,0.3407393122647182,1.4704039073462483,1,SisFall,SA08
0.9569729095761097,1.4012890822341797,0.13416281101486607,-0.01549837144987425,11.325673778863266,11.250320742332686,12.5190621454904,8.66690712928744,28.72394916746156,72.64808542965478,0.14,1.7646775291519803,22.5387129147098,61.91012923223961,5.549711839801586,1.2333401445804333,10.451672307616644,-14.465935368814634,0.907197015698445,1.1047593344468698,1.4642933499673945,1,SisFall,SA08
0.9565107496444343,1.313020016230026,0.11285991535898497,-0.11566583572840584,6.734308525518307,8.445998144923156,15.333185331922689,7.61041672757915,30.931270311016846,64.14028220600235,0.12,1.248769554541557,29.31676560779183,27.93443021145258,6.436051462374992,1.2269064815206294,9.830046143742146,-22.413291624502985,0.7645072692644612,0.1348510609085829,1.3727185010632998,1,SisFall,SA08
0.9568135835618399,1.313020016230026,0.10982527861030508,0.008698634163164189,10.868821989628424,10.306222351326891,15.333185331922689,7.61041672757915,41.20036385792429,72.19244415989594,0.14,1.1825115257893333,22.51647839875104,28.29801621679141,9.493593199713546,1.2122959531074187,9.924260354882925,-21.222720033015438,0.6545625847883856,0.9359274953930306,1.372284032192906,1,SisFall,SA08
0.9461366950237202,1.3627279002740853,0.09900440860485706,0.06066061632099832,12.891541816618723,10.306222351326891,14.657186670179389,4.606570545116126,45.500564328825156,93.36134126495485,0.15,0.9610717783467817,13.781459631765307,25.46658690667701,9.766614157243545,1.2143738646759257,12.487898824083775,-24.08558927708093,1.2101779896180798,3.6837746046821875,1.440307614151721,1,SisFall,SA08
0.9568220429543117,1.3627279002740853,0.1288261024963868,-0.06318123449386312,12.891541816618723,8.479223582711457,14.657186670179389,10.264635153369563,45.629746421166345,93.36134126495485,0.16,1.6270849060550279,31.49337998877738,38.73473308560635,12.753217134422687,1.257508842087088,14.970139929330037,-18.71451748924814,1.2280110273649327,1.6774777478918335,1.4242229221896452,1,SisFall,SA08
0.9565083597901094,1.3317740581123412,0.12174044679062954,-0.10471227774426749,10.854112846591413,10.037695975880686,12.362398377666073,10.264635153369563,36.750858127823264,76.23781893108352,0.15,1.4530454596264173,25.697346838874104,37.61744747554105,10.790524126532155,1.275828691493398,15.136577277017585,-20.26580003588397,1.1339856349949686,1.494150507307709,1.3923287032026472,1,SisFall,SA08
0.9630741851755913,1.3736694405113923,0.12993918214165628,-0.11009445505702055,14.806564674912364,11.77232147717186,18.892084411186012,11.328269477025726,25.47987280186542,57.32902439010037,0.13,1.6553684581277588,33.90066959625604,41.68719936612469,8.835922402134948,1.2738785318062016,13.814573895150179,-15.459371047064694,1.025461921682808,1.3926008447029226,1.4263381236800137,1,SisFall,SA08
0.9578459062384898,1.3736694405113923,0.13156352666669996,-0.019994935783947083,14.806564674912364,11.77232147717186,18.892084411186012,11.328269477025726,28.79303488227489,64.81479275578776,0.16,1.696961894118542,30.128345690521474,46.159851109878446,10.256859799645708,1.232071916215317,11.475920249818037,-13.390226141509123,0.8668541868283761,1.134115409955097,1.434123607172501,1,SisFall,SA08
0.9547835921652592,1.3330744750372197,0.11492902585141897,0.21636482973309112,8.054691112122386,8.482669042628466,10.95287444612552,5.897253243672506,30.308144836700578,64.81479275578776,0.13,1.2955247361895148,26.04512521915541,28.74188419547377,11.28475213103607,1.2324267114111422,12.82514869862793,-19.907250883688917,0.6792289310862585,0.37651276308725334,1.3962058753565436,1,SisFall,SA08
0.9635874361985693,1.3330744750372197,0.14348437684399434,-0.006653295087322301,10.914882841029488,7.308454599518571,11.240480373053263,5.897253243672506,28.949780444285825,59.19600261056826,0.16,2.0184139222176736,30.615597949149194,66.24847990455297,6.075032179399191,1.2313458335407819,11.134628047954472,-12.029110947800136,0.10276084884886774,0.24119084773401678,1.3834494007744773,1,SisFall,SA08
0.9442176124803784,1.3172457416920194,0.13653791789820663,-0.12459996250001212,10.914882841029488,7.308454599518571,11.240480373053263,8.304856582293272,24.918538467036242,60.19042839320914,0.15,1.8279960744721808,16.410859219065664,72.00534140954757,4.8115991694680105,1.1819252337877282,9.57607088104293,-12.92771032080872,0.1823811625620385,0.27781432766966896,1.3950658305145038,1,SisFall,SA08
0.9541514793668842,1.4474086253284117,0.1459753134039076,0.07207815443643546,12.116292154267095,8.227378378018264,13.150525028665083,8.304856582293272,26.52381761835084,60.84344568319737,0.15,2.089116709575361,30.481441095861065,71.1231988126338,4.940312279848543,1.223134139470224,12.426910231001347,-10.69808743882003,0.8849234883533095,1.1690555646879126,1.5169589331027742,1,SisFall,SA08
0.9601046300058284,1.4474086253284117,0.15163386033156204,-0.01237225533796584,13.531978388095656,8.227378378018264,15.704409177078027,8.089051458032811,26.64473037426392,60.84344568319737,0.18,2.254199403493395,27.590564931638944,82.41909118548782,4.954513461036389,1.241758052818853,11.388810892480809,-11.211108247684086,1.0761689928489624,1.664746833829513,1.5075529947648467,1,SisFall,SA08
